time_step,coverage_rate,order_fulfillment_ratio,total_cost,unmet_demand_orders,activated_vertiports,most_needed_destination,car_count_Vertiport_1,car_count_Vertiport_2,car_count_Vertiport_3,car_count_Vertiport_4,car_count_Vertiport_5,car_count_Vertiport_6,car_count_Vertiport_7,car_count_Vertiport_8,car_count_Vertiport_9,car_count_Vertiport_10,charging_rate,discharge_rate,vehicle_count
1,0.9636363636363636,0.9846938775510204,5507.681669115987,4,"Vertiport_1,Vertiport_2,Vertiport_3,Vertiport_4,Vertiport_5,Vertiport_6,Vertiport_7,Vertiport_8,Vertiport_9,Vertiport_10",,15,15,15,17,15,15,33,20,22,15,40,1,15
2,0.5408163265306123,0.6612903225806451,3401.0852402519968,42,"Vertiport_1,Vertiport_2,Vertiport_3,Vertiport_4,Vertiport_5,Vertiport_6,Vertiport_7,Vertiport_8,Vertiport_9,Vertiport_10",,15,15,15,39,15,15,54,35,31,15,40,1,15
3,0.23728813559322035,0.4411764705882353,3166.0387676319974,118,"Vertiport_1,Vertiport_2,Vertiport_3,Vertiport_4,Vertiport_5,Vertiport_6,Vertiport_7,Vertiport_8,Vertiport_9,Vertiport_10",,15,15,15,67,15,15,54,55,37,15,40,1,15
4,0.14849624060150377,0.3238095238095238,4748.14034473999,260,"Vertiport_1,Vertiport_2,Vertiport_3,Vertiport_4,Vertiport_5,Vertiport_6,Vertiport_7,Vertiport_8,Vertiport_9,Vertiport_10",,15,15,15,67,15,15,62,70,42,15,40,1,15
5,0.05432595573440644,0.13988095238095238,6734.973330571962,549,"Vertiport_1,Vertiport_2,Vertiport_3,Vertiport_4,Vertiport_5,Vertiport_6,Vertiport_7,Vertiport_8,Vertiport_9,Vertiport_10",,15,15,15,77,15,15,62,79,49,15,40,1,15
6,0.9779917469050894,1.0,12457.934069516066,24,"Vertiport_1,Vertiport_2,Vertiport_3,Vertiport_4,Vertiport_5,Vertiport_6,Vertiport_7,Vertiport_8,Vertiport_9,Vertiport_10",,15,15,15,77,15,15,64,89,53,15,40,1,15
7,0.3626943005181347,0.625,2277.254062347999,62,"Vertiport_1,Vertiport_2,Vertiport_3,Vertiport_4,Vertiport_5,Vertiport_6,Vertiport_7,Vertiport_8,Vertiport_9,Vertiport_10",,15,15,15,79,15,15,66,94,54,15,40,1,15
8,0.4028776978417266,0.5968992248062015,3034.476979039999,89,"Vertiport_1,Vertiport_2,Vertiport_3,Vertiport_4,Vertiport_5,Vertiport_6,Vertiport_7,Vertiport_8,Vertiport_9,Vertiport_10",,15,15,15,77,15,13,66,96,53,15,40,1,15
9,0.10628019323671498,0.25165562913907286,3526.312727799999,194,"Vertiport_1,Vertiport_2,Vertiport_3,Vertiport_4,Vertiport_5,Vertiport_6,Vertiport_7,Vertiport_8,Vertiport_9,Vertiport_10",,15,15,15,77,15,13,67,97,54,15,40,1,15
10,0.37969924812030076,0.6791666666666667,5181.434027619988,178,"Vertiport_1,Vertiport_2,Vertiport_3,Vertiport_4,Vertiport_5,Vertiport_6,Vertiport_7,Vertiport_8,Vertiport_9,Vertiport_10",,15,15,15,78,15,13,67,97,56,15,40,1,15
11,0.17714285714285713,0.3562231759656652,6373.352823979982,315,"Vertiport_1,Vertiport_2,Vertiport_3,Vertiport_4,Vertiport_5,Vertiport_6,Vertiport_7,Vertiport_8,Vertiport_9,Vertiport_10",,15,15,15,79,15,13,68,96,56,15,40,1,15
12,0.009687034277198211,0.02857142857142857,10972.741757451986,684,"Vertiport_1,Vertiport_2,Vertiport_3,Vertiport_4,Vertiport_5,Vertiport_6,Vertiport_7,Vertiport_8,Vertiport_9,Vertiport_10",,15,17,15,79,15,13,68,95,58,15,40,1,15
13,0.027037466203167246,0.0945945945945946,20075.286589440046,1298,"Vertiport_1,Vertiport_2,Vertiport_3,Vertiport_4,Vertiport_5,Vertiport_6,Vertiport_7,Vertiport_8,Vertiport_9,Vertiport_10",,15,19,15,79,15,13,68,95,59,15,40,1,15
14,0.03765861645517806,0.09319526627218935,37879.21268585588,2472,"Vertiport_1,Vertiport_2,Vertiport_3,Vertiport_4,Vertiport_5,Vertiport_6,Vertiport_7,Vertiport_8,Vertiport_9,Vertiport_10",,15,20,15,81,15,13,69,95,59,15,40,1,15
15,0.4136046730732994,0.805240516229957,70238.42486011381,932,"Vertiport_1,Vertiport_2,Vertiport_3,Vertiport_4,Vertiport_5,Vertiport_6,Vertiport_7,Vertiport_8,Vertiport_9,Vertiport_10",,15,21,15,83,15,13,70,95,60,15,40,1,15
16,0.012135922330097087,0.07425742574257425,20881.227780420035,1799,"Vertiport_1,Vertiport_2,Vertiport_3,Vertiport_4,Vertiport_5,Vertiport_6,Vertiport_7,Vertiport_8,Vertiport_9,Vertiport_10",,15,24,15,83,15,14,72,95,62,15,40,1,15
17,0.34893205967586133,0.8136315228966986,39515.25866069696,2384,"Vertiport_1,Vertiport_2,Vertiport_3,Vertiport_4,Vertiport_5,Vertiport_6,Vertiport_7,Vertiport_8,Vertiport_9,Vertiport_10",,15,24,15,83,15,17,72,95,66,15,40,1,15
18,0.5017342095655348,0.972076082557669,55712.03252896518,3205,"Vertiport_1,Vertiport_2,Vertiport_3,Vertiport_4,Vertiport_5,Vertiport_6,Vertiport_7,Vertiport_8,Vertiport_9,Vertiport_10",,15,26,15,85,15,18,73,93,66,15,40,1,15
19,0.8064554692169755,0.9501359927470535,52153.20583418587,2463,"Vertiport_1,Vertiport_2,Vertiport_3,Vertiport_4,Vertiport_5,Vertiport_6,Vertiport_7,Vertiport_8,Vertiport_9,Vertiport_10",,15,29,15,87,15,18,75,93,66,15,40,1,15
20,0.6756440281030445,0.8597038191738113,26357.677109892677,683,"Vertiport_1,Vertiport_2,Vertiport_3,Vertiport_4,Vertiport_5,Vertiport_6,Vertiport_7,Vertiport_8,Vertiport_9,Vertiport_10",,15,29,15,89,15,18,75,95,70,15,40,1,15
21,0.0037067545304777594,0.011583011583011582,20460.731248236065,1447,"Vertiport_1,Vertiport_2,Vertiport_3,Vertiport_4,Vertiport_5,Vertiport_6,Vertiport_7,Vertiport_8,Vertiport_9,Vertiport_10",,15,30,15,89,15,18,75,97,69,15,40,1,15
22,0.0017974835230677051,0.005780346820809248,41477.579513811914,2995,"Vertiport_1,Vertiport_2,Vertiport_3,Vertiport_4,Vertiport_5,Vertiport_6,Vertiport_7,Vertiport_8,Vertiport_9,Vertiport_10",,15,32,15,89,15,18,75,99,70,15,40,1,15
23,0.02905668099038265,0.07435897435897436,82701.63957250216,5729,"Vertiport_1,Vertiport_2,Vertiport_3,Vertiport_4,Vertiport_5,Vertiport_6,Vertiport_7,Vertiport_8,Vertiport_9,Vertiport_10",,15,32,15,90,15,18,75,99,72,15,40,1,15
24,0.00046598322460391424,0.0015347885402455662,162699.0648049885,11584,"Vertiport_1,Vertiport_2,Vertiport_3,Vertiport_4,Vertiport_5,Vertiport_6,Vertiport_7,Vertiport_8,Vertiport_9,Vertiport_10",,15,34,15,91,15,18,75,99,74,15,40,1,15
25,0.4490223804183529,0.7558537002221842,324263.67467688903,5702,"Vertiport_1,Vertiport_2,Vertiport_3,Vertiport_4,Vertiport_5,Vertiport_6,Vertiport_7,Vertiport_8,Vertiport_9,Vertiport_10",,15,37,15,93,15,18,75,99,74,15,40,1,15
26,0.5997164067061473,0.9498708010335918,151498.10208389047,2244,"Vertiport_1,Vertiport_2,Vertiport_3,Vertiport_4,Vertiport_5,Vertiport_6,Vertiport_7,Vertiport_8,Vertiport_9,Vertiport_10",,15,39,15,93,15,19,78,99,76,15,40,1,15
27,0.4686894034447359,0.9753344481605352,74639.96799235718,1855,"Vertiport_1,Vertiport_2,Vertiport_3,Vertiport_4,Vertiport_5,Vertiport_6,Vertiport_7,Vertiport_8,Vertiport_9,Vertiport_10",,15,41,15,95,15,20,78,99,78,15,40,1,15
28,0.4113243357233235,0.9443063152660368,69931.95939831229,2193,"Vertiport_1,Vertiport_2,Vertiport_3,Vertiport_4,Vertiport_5,Vertiport_6,Vertiport_7,Vertiport_8,Vertiport_9,Vertiport_10",,15,43,15,96,15,21,79,98,78,15,40,1,15
29,0.23408153916628494,0.31337579617834393,76303.56075354577,4047,"Vertiport_1,Vertiport_2,Vertiport_3,Vertiport_4,Vertiport_5,Vertiport_6,Vertiport_7,Vertiport_8,Vertiport_9,Vertiport_10",,15,44,15,98,15,21,79,97,77,15,40,1,15
30,0.18593324738576136,0.36739078539030795,134711.1230622604,7588,"Vertiport_1,Vertiport_2,Vertiport_3,Vertiport_4,Vertiport_5,Vertiport_6,Vertiport_7,Vertiport_8,Vertiport_9,Vertiport_10",,15,45,15,98,15,22,80,96,80,15,40,1,15
